{"name": "logistic", "weights": [-0.06815610502174779, -0.269307130431728, 0.2096407289987644, 0.9478571151922845, -0.21134189485942056, -0.11633437118621437, 0.0, 0.0, 0.0], "bias": 1.127243704749158, "mean": [-0.08282117483181327, -0.0015106715172106186, 49.839248326388784, 46.666435377853794, 0.17849013175518094, 1.0073153582233314, 0.0, 0.0, 0.0], "std": [3.5942190397279803, 0.20311216882223243, 21.146997505169974, 19.376575938825933, 0.03746813714871798, 0.24387977761723645, 1.0, 1.0, 1.0], "n_features": 9, "lr": 0.1, "n_iter": 2000, "l2": 0.0}